{
    "name": "theawakeningfoundry",
    "title": "The Awakening Custom Foundry Options",
    "description": "Adds custom stuff developed for The Awakening",
    "version": "0.1",
    "author": "Erulai",
    "systems": ["dnd5e"],
    "styles": [],
    "scripts": ["custom_weapons.js"],
    "manifest": "https://raw.githubusercontent.com/tbytnar/the-awakening-foundry/main/module.json",
    "download": "https://github.com/tbytnar/the-awakening-foundry/main.zip",
    "minimumCoreVersion": "0.7.0",
    "compatibleCoreVersion": "0.7.9"
  }